Controller,Sample,Stable,PitchSettling,YawSettling,PitchSettledWithinHorizon,YawSettledWithinHorizon,PitchBandwidth,YawBandwidth,PitchOvershootPercent,YawOvershootPercent,PitchSteadyStateErrorPercent,YawSteadyStateErrorPercent,YawFromPitchPeak,PitchFromYawPeak,PitchDisturbancePeak,YawDisturbancePeak
mixsyn,1,1,2.08714894922859,4.45971414194788,1,1,3.65883037275932,1.64026394175976,2.1553921494142,6.49398643962895,0.447311642072603,0.615115592595077,0.00323155295249722,5.02513161549214e-06,0.0177498704572867,0.157762549252058
mixsyn,2,1,1.62657707794638,4.55905408053448,1,1,3.24631248767956,1.58024637367699,1.54923076276989,6.38559344516554,0.310095082975829,0.555063282158738,0.00289303287387548,6.19267749635638e-06,0.0177127703152233,0.16426012172434
mixsyn,3,1,1.12540093186277,4.42538824166807,1,1,3.36506816300557,1.61914597850704,0.934904759532995,5.48390285738078,0.544307578686976,0.728934661128083,0.00696164679353908,4.09974282963314e-06,0.0185547241014439,0.16466140092031
mixsyn,4,1,7.60290618173611,4.39326419379485,1,1,5.39354668947857,1.59050645226759,6.06770419663751,4.83198017208362,0.382319574591467,0.750783986058204,0.000735111167258786,4.43835539086253e-06,0.0189979824603033,0.169525990514942
mixsyn,5,1,1.4926222542887,4.48952771560498,1,1,3.24856080175956,1.59786552024729,0.533110530202285,5.81237923571623,0.288084493404733,0.662266473933522,0.00350175930575038,5.12415640816604e-06,0.0180021086668553,0.16520111118162
mixsyn,6,1,1.12430956091191,4.44579294653466,1,1,3.28240127921677,1.61549106870557,1.52298473015704,5.88091473862058,0.622375843280114,0.620717769746033,0.00986506858014124,4.40944788460711e-06,0.0183114721640126,0.16300204788537
mixsyn,7,1,1.96081482363845,4.59741723355843,1,1,2.86091278428224,1.585587139345,1.86353553929159,6.64618738073064,0.629032058173986,0.63134955893627,0.00907952806950295,4.29852992230542e-06,0.0172241239582817,0.162123651944108
mixsyn,8,1,1.33396308244436,4.65575377999817,1,1,2.97329406757255,1.56383451239291,0.241203932217204,6.18454724276052,0.422962315133035,0.796584901236562,0.00121115894734152,4.06210275507355e-06,0.0176716617348738,0.166734037721328
mixsyn,9,1,3.22093457756792,4.55690648791084,1,1,3.37227747803763,1.57559208290103,2.58960181094057,5.99832296240954,0.464469062775104,0.644940877490541,0.00293020404550164,4.97240754202521e-06,0.0180156865254535,0.16721575072551
mixsyn,10,1,3.23316927181073,4.51338197410041,1,1,3.66218203320025,1.62159952650384,2.73424132002658,6.88338041805676,0.417606650080256,0.543521892892899,0.0019675296671346,5.90072924192406e-06,0.0175709341817535,0.15739394497182
mixsyn,11,1,1.23785091416673,4.47891824201405,1,1,2.98890710834156,1.54588330587905,0.565358449833808,4.80907883619162,0.20269987717647,0.740519653288458,0.00694733048957206,4.64600670232563e-06,0.0184409543722306,0.172948095999858
mixsyn,12,1,1.60268311125411,4.54844510556366,1,1,3.29411804305413,1.61950740589121,1.41246303222728,6.86622554976319,0.257475284505017,0.633394366916997,0.00466237964952757,5.536948270395e-06,0.0173542805434994,0.158945107161195
mixsyn,13,1,1.41254007596805,4.65585596210256,1,1,2.97160942702259,1.60081362672807,0.230009893088479,7.63089762929305,0.378380312740736,0.625825229656605,0.000712421402124131,5.23339430775229e-06,0.0168405419501562,0.158517883172254
mixsyn,14,1,1.23392861428393,4.64034921617831,1,1,3.01113071328655,1.59398514214044,0.786676506842121,7.22093355060589,0.216606894582932,0.641663026382549,0.00640374057476372,5.4367450874319e-06,0.0173503450712839,0.160310333558842
mixsyn,15,1,2.12199612344109,4.4084292688056,1,1,3.20190790741176,1.55013657460305,2.17791108037466,4.81756415803756,0.608071619357608,0.567432821841887,0.0082974889892871,4.92405192037294e-06,0.0182101380709559,0.17185294718391
mixsyn,16,1,1.19669730592925,4.44636687724898,1,1,3.09228831609336,1.56542426222296,0.718937240246809,5.27432628318751,0.190450460605216,0.556622978841698,0.00711148686153402,6.07950676285997e-06,0.0183875417038645,0.169018769757947
mixsyn,17,1,1.33935704136192,4.52473866849008,1,1,3.22662175667438,1.58225194941436,0,5.53963277010585,0.20931888127497,0.767228659895478,0.00637191999313092,4.64891935801811e-06,0.0183173419499955,0.167756475295175
mixsyn,18,1,1.55746289522067,4.72649324492109,1,1,3.11066700113439,1.58561649412888,0.541918929513607,7.35141736321443,0.182518507132512,0.796617029061866,0.0079584163128777,4.76809420454562e-06,0.0173853763505539,0.162127294226837
mixsyn,19,1,6.39780974919098,4.24592363361574,1,1,5.40439434222651,1.5826588585863,5.01297756242318,4.18481943565543,0.202901015616257,0.648830305409377,0.00610973358259215,5.61317199246124e-06,0.0190655785417893,0.171193065933653
mixsyn,20,1,4.50168768652662,4.41802303939332,1,1,5.45985770167432,1.62442089528206,3.87531064549314,6.05129301905454,0.327263665916896,0.529003923169886,0.00145058284155866,6.44599943096831e-06,0.0181560428451629,0.161479007724601
mixsyn,21,1,3.97508065943427,4.22622831409896,1,1,5.41903456284201,1.58268905433696,3.58884492565559,4.20550407864488,0.254457470035111,0.572640878883377,0.00427736760080759,6.10977903479167e-06,0.0191034897016882,0.171724768916084
mixsyn,22,1,2.42259988989159,4.55399459400414,1,1,3.03851045056957,1.59200860481887,2.40753943554906,6.4391676823897,0.63189332835841,0.606036779330749,0.00980415729190446,4.45854416189624e-06,0.0178194193072928,0.162527576295243
mixsyn,23,1,1.57342697008972,4.60138353116586,1,1,3.05725715822881,1.58219464566663,0.773526233896527,6.1372723287642,0.347469603730768,0.775034013099814,0.00168725076955412,4.29153631523998e-06,0.0175136648636354,0.165104668222735
mixsyn,24,1,1.54189761419982,4.62200825222563,1,1,3.05350361135438,1.58370031739389,0.380464043225359,7.13532020552703,0.19079231414243,0.544179600782896,0.00760217984594504,6.54476038600808e-06,0.0171504224574287,0.160579100614469
mixsyn,25,1,2.11338637614551,4.43356644876292,1,1,3.70873040191464,1.61348636337083,2.21207534617796,6.06119774936571,0.600177313552255,0.510232849175158,0.00906501027234569,5.46204895635134e-06,0.018178559693584,0.161565345868688
mixsyn,26,1,1.3966676305169,4.57095051922004,1,1,3.2480399825556,1.60236442951374,0.786704332798638,7.01598581381564,0.666627138954252,0.555173549713711,0.011120796880096,4.8286919663635e-06,0.0173791771657497,0.15865064529039
mixsyn,27,1,1.3647539898626,4.5808541976157,1,1,3.17167713772386,1.62111193208652,0.148183329117391,6.97664912234408,0.342584522414026,0.706968660287466,0.00143494641389196,4.69733408112902e-06,0.0173398389398889,0.158852076115842
mixsyn,28,1,1.33053468681848,4.47432303186849,1,1,3.1955094493282,1.58063327593081,0,5.34089965981794,0.138778566347739,0.702497884205231,0.00902700884621793,5.15323683641045e-06,0.0182871029492017,0.167780381821892
mixsyn,29,1,1.3509980187935,4.59588496103966,1,1,3.06302633495822,1.59831934847506,0,6.62826514340211,0.234080906252028,0.708554949160904,0.00575235399269998,4.92156943026753e-06,0.0174353206387819,0.161825310106578
mixsyn,30,1,1.20533783464646,4.51718398300225,1,1,3.03270586826106,1.55967080439238,0.906612884291902,5.41109863313973,0.327248540025365,0.660339030466579,0.00216341057949569,4.9093287614101e-06,0.0183224780022328,0.170118750801063
mixsyn,31,1,4.52029472521332,4.32999951316238,1,1,5.41344123130454,1.56105161999302,3.84381070780451,4.34013450289692,0.428417958807105,0.664464564664085,0.00217446001135655,4.76851217661831e-06,0.0189955751214271,0.17307419762694
mixsyn,32,1,1.99769880121968,4.57304997896594,1,1,2.97460866581332,1.59488620329389,2.26602560127673,6.69955048903921,0.231350955971838,0.601729996813688,0.00552953688986391,5.40673798468253e-06,0.0176070428885794,0.161118277541987
mixsyn,33,1,1.14312682617771,4.38189860748659,1,1,3.48427932545035,1.62012057498159,0.266061706727738,5.28041982019589,0.421003987061343,0.695487433630198,0.00229134593181903,4.48711923505802e-06,0.0186191322790534,0.16501172433417
mixsyn,34,1,2.42410214077484,4.5851366482864,1,1,2.7578203489195,1.56825252678464,2.22834291673231,6.2425826049765,0.533354503162067,0.609014813834831,0.00518214171618854,4.54129447412942e-06,0.0173530402096668,0.165340131359788
mixsyn,35,1,1.99621072070293,4.4959463887687,1,1,3.16352634595829,1.64163819986013,2.20346848652841,6.61799729584178,0.201176360050534,0.68224266962576,0.00630005934679397,5.00563778105593e-06,0.0178094813950928,0.15864970115323
mixsyn,36,1,3.932082399537,4.35767453777619,1,1,5.45404798900382,1.62750048487484,3.16399106388903,5.57542070568773,0.13796152053761,0.545222275307981,0.00860675236717027,6.80450751634633e-06,0.0184000866234562,0.163250760150491
mixsyn,37,1,1.5645772160439,4.53645316339619,1,1,3.38280025410181,1.59808016074512,1.04185927561236,6.34001286092953,0.25093992103228,0.618485534771123,0.00469972958577129,5.73064514606545e-06,0.0179884810927083,0.16311751495772
mixsyn,38,1,1.17751748702581,4.53809354165614,1,1,3.20263739817919,1.62084568338773,0.788502800510194,6.66043787186821,0.259750937154119,0.674166077030388,0.00411589184448033,5.01071607878338e-06,0.0177378093769893,0.159333390477806
mixsyn,39,1,1.61735051857605,4.61520887047573,1,1,3.3504488167503,1.60951761289039,1.74400494677642,6.95640494682386,0.332300341681677,0.738644225646323,0.00177350876130236,4.66305811570067e-06,0.0175165702468258,0.160158112344967
mixsyn,40,1,1.95930724057629,4.41554691164565,1,1,3.04780902210162,1.60044494260261,1.75386982897419,5.62409046449435,0.377907931505871,0.546534458995889,0.000181098614180947,5.35584410529484e-06,0.0179481587569936,0.163770098206912
mixsyn,41,1,1.31524147080414,4.65466481086107,1,1,2.94991609290807,1.55230988899634,0.203173732110185,5.93471120226428,0.129891049414417,0.790539629349174,0.0101355786931725,4.72913165593799e-06,0.0180203145966151,0.170381882264488
mixsyn,42,1,1.26890477533151,4.62144596024495,1,1,2.94211654728215,1.56080558721934,0.593287346467952,5.91214600166194,0.243016950020219,0.761956558978255,0.00579094490724638,4.58321158062361e-06,0.0179553798262808,0.169389560446461
mixsyn,43,1,2.1155682486555,4.46276491247658,1,1,3.76634471480657,1.64099826692859,2.25373653577443,6.47050254546226,0.538787612101571,0.626372710148437,0.00673490875181034,4.71653967148763e-06,0.0179889027242867,0.158916917237968
mixsyn,44,1,2.76920401388639,4.45230196247813,1,1,3.26253639298337,1.54283364319806,2.14328931419132,4.82646924182353,0.0914386945608986,0.639414817079557,0.011277208166894,6.03372582120918e-06,0.0184236693799122,0.173121465088479
mixsyn,45,1,1.15464244078743,4.43656956552993,1,1,3.22733005804427,1.60189842183952,1.11169022544271,5.5884101380822,0.627416090854132,0.621872085503776,0.00980810274489729,4.36847453930156e-06,0.0182928839104036,0.165173870040126
mixsyn,46,1,1.55242753288046,4.33701716896861,1,1,3.30481029822433,1.5691877612135,1.19197981471928,4.5797662799955,0.516578437574325,0.606673539631256,0.00534876883701716,4.74371352121044e-06,0.0185243523284077,0.170632237703035
mixsyn,47,1,1.20019607358134,4.60067825209427,1,1,3.01277803932613,1.61801275795757,1.23487004762399,7.27239115472293,0.37399793348596,0.671753964802954,0.000267712034796157,4.7270739722689e-06,0.0171451078100365,0.157530792110324
mixsyn,48,1,1.29098972942462,4.64345767834054,1,1,2.88851305827945,1.58767295085864,0.748675873049787,6.91391258348091,0.446263284597853,0.698494377633127,0.00191962958187277,4.43099298081236e-06,0.017062390988518,0.161599144302139
mixsyn,49,1,1.6113232006744,4.50612201143056,1,1,3.32121592686351,1.59565071994788,1.26571762528458,5.7235879247427,0.215917555170462,0.734713682272596,0.00609950981029456,4.83518813104203e-06,0.0180012837594182,0.165007058895788
mixsyn,50,1,1.4527531666019,4.65639884614413,1,1,2.92728258698268,1.56989920570863,0.12708374531778,6.36756778032841,0.370988249238536,0.779606760617936,0.00100918068493626,4.22186857905171e-06,0.0173682242981694,0.165483052880847
hinfsyn,1,1,2.08714894922859,4.45971414194788,1,1,3.65883037275932,1.64026394175976,2.1553921494142,6.49398643962895,0.447311642072603,0.615115592595077,0.00323155295249722,5.02513161549214e-06,0.0177498704572867,0.157762549252058
hinfsyn,2,1,1.62657707794638,4.55905408053448,1,1,3.24631248767956,1.58024637367699,1.54923076276989,6.38559344516554,0.310095082975829,0.555063282158738,0.00289303287387548,6.19267749635638e-06,0.0177127703152233,0.16426012172434
hinfsyn,3,1,1.12540093186277,4.42538824166807,1,1,3.36506816300557,1.61914597850704,0.934904759532995,5.48390285738078,0.544307578686976,0.728934661128083,0.00696164679353908,4.09974282963314e-06,0.0185547241014439,0.16466140092031
hinfsyn,4,1,7.60290618173611,4.39326419379485,1,1,5.39354668947857,1.59050645226759,6.06770419663751,4.83198017208362,0.382319574591467,0.750783986058204,0.000735111167258786,4.43835539086253e-06,0.0189979824603033,0.169525990514942
hinfsyn,5,1,1.4926222542887,4.48952771560498,1,1,3.24856080175956,1.59786552024729,0.533110530202285,5.81237923571623,0.288084493404733,0.662266473933522,0.00350175930575038,5.12415640816604e-06,0.0180021086668553,0.16520111118162
hinfsyn,6,1,1.12430956091191,4.44579294653466,1,1,3.28240127921677,1.61549106870557,1.52298473015704,5.88091473862058,0.622375843280114,0.620717769746033,0.00986506858014124,4.40944788460711e-06,0.0183114721640126,0.16300204788537
hinfsyn,7,1,1.96081482363845,4.59741723355843,1,1,2.86091278428224,1.585587139345,1.86353553929159,6.64618738073064,0.629032058173986,0.63134955893627,0.00907952806950295,4.29852992230542e-06,0.0172241239582817,0.162123651944108
hinfsyn,8,1,1.33396308244436,4.65575377999817,1,1,2.97329406757255,1.56383451239291,0.241203932217204,6.18454724276052,0.422962315133035,0.796584901236562,0.00121115894734152,4.06210275507355e-06,0.0176716617348738,0.166734037721328
hinfsyn,9,1,3.22093457756792,4.55690648791084,1,1,3.37227747803763,1.57559208290103,2.58960181094057,5.99832296240954,0.464469062775104,0.644940877490541,0.00293020404550164,4.97240754202521e-06,0.0180156865254535,0.16721575072551
hinfsyn,10,1,3.23316927181073,4.51338197410041,1,1,3.66218203320025,1.62159952650384,2.73424132002658,6.88338041805676,0.417606650080256,0.543521892892899,0.0019675296671346,5.90072924192406e-06,0.0175709341817535,0.15739394497182
hinfsyn,11,1,1.23785091416673,4.47891824201405,1,1,2.98890710834156,1.54588330587905,0.565358449833808,4.80907883619162,0.20269987717647,0.740519653288458,0.00694733048957206,4.64600670232563e-06,0.0184409543722306,0.172948095999858
hinfsyn,12,1,1.60268311125411,4.54844510556366,1,1,3.29411804305413,1.61950740589121,1.41246303222728,6.86622554976319,0.257475284505017,0.633394366916997,0.00466237964952757,5.536948270395e-06,0.0173542805434994,0.158945107161195
hinfsyn,13,1,1.41254007596805,4.65585596210256,1,1,2.97160942702259,1.60081362672807,0.230009893088479,7.63089762929305,0.378380312740736,0.625825229656605,0.000712421402124131,5.23339430775229e-06,0.0168405419501562,0.158517883172254
hinfsyn,14,1,1.23392861428393,4.64034921617831,1,1,3.01113071328655,1.59398514214044,0.786676506842121,7.22093355060589,0.216606894582932,0.641663026382549,0.00640374057476372,5.4367450874319e-06,0.0173503450712839,0.160310333558842
hinfsyn,15,1,2.12199612344109,4.4084292688056,1,1,3.20190790741176,1.55013657460305,2.17791108037466,4.81756415803756,0.608071619357608,0.567432821841887,0.0082974889892871,4.92405192037294e-06,0.0182101380709559,0.17185294718391
hinfsyn,16,1,1.19669730592925,4.44636687724898,1,1,3.09228831609336,1.56542426222296,0.718937240246809,5.27432628318751,0.190450460605216,0.556622978841698,0.00711148686153402,6.07950676285997e-06,0.0183875417038645,0.169018769757947
hinfsyn,17,1,1.33935704136192,4.52473866849008,1,1,3.22662175667438,1.58225194941436,0,5.53963277010585,0.20931888127497,0.767228659895478,0.00637191999313092,4.64891935801811e-06,0.0183173419499955,0.167756475295175
hinfsyn,18,1,1.55746289522067,4.72649324492109,1,1,3.11066700113439,1.58561649412888,0.541918929513607,7.35141736321443,0.182518507132512,0.796617029061866,0.0079584163128777,4.76809420454562e-06,0.0173853763505539,0.162127294226837
hinfsyn,19,1,6.39780974919098,4.24592363361574,1,1,5.40439434222651,1.5826588585863,5.01297756242318,4.18481943565543,0.202901015616257,0.648830305409377,0.00610973358259215,5.61317199246124e-06,0.0190655785417893,0.171193065933653
hinfsyn,20,1,4.50168768652662,4.41802303939332,1,1,5.45985770167432,1.62442089528206,3.87531064549314,6.05129301905454,0.327263665916896,0.529003923169886,0.00145058284155866,6.44599943096831e-06,0.0181560428451629,0.161479007724601
hinfsyn,21,1,3.97508065943427,4.22622831409896,1,1,5.41903456284201,1.58268905433696,3.58884492565559,4.20550407864488,0.254457470035111,0.572640878883377,0.00427736760080759,6.10977903479167e-06,0.0191034897016882,0.171724768916084
hinfsyn,22,1,2.42259988989159,4.55399459400414,1,1,3.03851045056957,1.59200860481887,2.40753943554906,6.4391676823897,0.63189332835841,0.606036779330749,0.00980415729190446,4.45854416189624e-06,0.0178194193072928,0.162527576295243
hinfsyn,23,1,1.57342697008972,4.60138353116586,1,1,3.05725715822881,1.58219464566663,0.773526233896527,6.1372723287642,0.347469603730768,0.775034013099814,0.00168725076955412,4.29153631523998e-06,0.0175136648636354,0.165104668222735
hinfsyn,24,1,1.54189761419982,4.62200825222563,1,1,3.05350361135438,1.58370031739389,0.380464043225359,7.13532020552703,0.19079231414243,0.544179600782896,0.00760217984594504,6.54476038600808e-06,0.0171504224574287,0.160579100614469
hinfsyn,25,1,2.11338637614551,4.43356644876292,1,1,3.70873040191464,1.61348636337083,2.21207534617796,6.06119774936571,0.600177313552255,0.510232849175158,0.00906501027234569,5.46204895635134e-06,0.018178559693584,0.161565345868688
hinfsyn,26,1,1.3966676305169,4.57095051922004,1,1,3.2480399825556,1.60236442951374,0.786704332798638,7.01598581381564,0.666627138954252,0.555173549713711,0.011120796880096,4.8286919663635e-06,0.0173791771657497,0.15865064529039
hinfsyn,27,1,1.3647539898626,4.5808541976157,1,1,3.17167713772386,1.62111193208652,0.148183329117391,6.97664912234408,0.342584522414026,0.706968660287466,0.00143494641389196,4.69733408112902e-06,0.0173398389398889,0.158852076115842
hinfsyn,28,1,1.33053468681848,4.47432303186849,1,1,3.1955094493282,1.58063327593081,0,5.34089965981794,0.138778566347739,0.702497884205231,0.00902700884621793,5.15323683641045e-06,0.0182871029492017,0.167780381821892
hinfsyn,29,1,1.3509980187935,4.59588496103966,1,1,3.06302633495822,1.59831934847506,0,6.62826514340211,0.234080906252028,0.708554949160904,0.00575235399269998,4.92156943026753e-06,0.0174353206387819,0.161825310106578
hinfsyn,30,1,1.20533783464646,4.51718398300225,1,1,3.03270586826106,1.55967080439238,0.906612884291902,5.41109863313973,0.327248540025365,0.660339030466579,0.00216341057949569,4.9093287614101e-06,0.0183224780022328,0.170118750801063
hinfsyn,31,1,4.52029472521332,4.32999951316238,1,1,5.41344123130454,1.56105161999302,3.84381070780451,4.34013450289692,0.428417958807105,0.664464564664085,0.00217446001135655,4.76851217661831e-06,0.0189955751214271,0.17307419762694
hinfsyn,32,1,1.99769880121968,4.57304997896594,1,1,2.97460866581332,1.59488620329389,2.26602560127673,6.69955048903921,0.231350955971838,0.601729996813688,0.00552953688986391,5.40673798468253e-06,0.0176070428885794,0.161118277541987
hinfsyn,33,1,1.14312682617771,4.38189860748659,1,1,3.48427932545035,1.62012057498159,0.266061706727738,5.28041982019589,0.421003987061343,0.695487433630198,0.00229134593181903,4.48711923505802e-06,0.0186191322790534,0.16501172433417
hinfsyn,34,1,2.42410214077484,4.5851366482864,1,1,2.7578203489195,1.56825252678464,2.22834291673231,6.2425826049765,0.533354503162067,0.609014813834831,0.00518214171618854,4.54129447412942e-06,0.0173530402096668,0.165340131359788
hinfsyn,35,1,1.99621072070293,4.4959463887687,1,1,3.16352634595829,1.64163819986013,2.20346848652841,6.61799729584178,0.201176360050534,0.68224266962576,0.00630005934679397,5.00563778105593e-06,0.0178094813950928,0.15864970115323
hinfsyn,36,1,3.932082399537,4.35767453777619,1,1,5.45404798900382,1.62750048487484,3.16399106388903,5.57542070568773,0.13796152053761,0.545222275307981,0.00860675236717027,6.80450751634633e-06,0.0184000866234562,0.163250760150491
hinfsyn,37,1,1.5645772160439,4.53645316339619,1,1,3.38280025410181,1.59808016074512,1.04185927561236,6.34001286092953,0.25093992103228,0.618485534771123,0.00469972958577129,5.73064514606545e-06,0.0179884810927083,0.16311751495772
hinfsyn,38,1,1.17751748702581,4.53809354165614,1,1,3.20263739817919,1.62084568338773,0.788502800510194,6.66043787186821,0.259750937154119,0.674166077030388,0.00411589184448033,5.01071607878338e-06,0.0177378093769893,0.159333390477806
hinfsyn,39,1,1.61735051857605,4.61520887047573,1,1,3.3504488167503,1.60951761289039,1.74400494677642,6.95640494682386,0.332300341681677,0.738644225646323,0.00177350876130236,4.66305811570067e-06,0.0175165702468258,0.160158112344967
hinfsyn,40,1,1.95930724057629,4.41554691164565,1,1,3.04780902210162,1.60044494260261,1.75386982897419,5.62409046449435,0.377907931505871,0.546534458995889,0.000181098614180947,5.35584410529484e-06,0.0179481587569936,0.163770098206912
hinfsyn,41,1,1.31524147080414,4.65466481086107,1,1,2.94991609290807,1.55230988899634,0.203173732110185,5.93471120226428,0.129891049414417,0.790539629349174,0.0101355786931725,4.72913165593799e-06,0.0180203145966151,0.170381882264488
hinfsyn,42,1,1.26890477533151,4.62144596024495,1,1,2.94211654728215,1.56080558721934,0.593287346467952,5.91214600166194,0.243016950020219,0.761956558978255,0.00579094490724638,4.58321158062361e-06,0.0179553798262808,0.169389560446461
hinfsyn,43,1,2.1155682486555,4.46276491247658,1,1,3.76634471480657,1.64099826692859,2.25373653577443,6.47050254546226,0.538787612101571,0.626372710148437,0.00673490875181034,4.71653967148763e-06,0.0179889027242867,0.158916917237968
hinfsyn,44,1,2.76920401388639,4.45230196247813,1,1,3.26253639298337,1.54283364319806,2.14328931419132,4.82646924182353,0.0914386945608986,0.639414817079557,0.011277208166894,6.03372582120918e-06,0.0184236693799122,0.173121465088479
hinfsyn,45,1,1.15464244078743,4.43656956552993,1,1,3.22733005804427,1.60189842183952,1.11169022544271,5.5884101380822,0.627416090854132,0.621872085503776,0.00980810274489729,4.36847453930156e-06,0.0182928839104036,0.165173870040126
hinfsyn,46,1,1.55242753288046,4.33701716896861,1,1,3.30481029822433,1.5691877612135,1.19197981471928,4.5797662799955,0.516578437574325,0.606673539631256,0.00534876883701716,4.74371352121044e-06,0.0185243523284077,0.170632237703035
hinfsyn,47,1,1.20019607358134,4.60067825209427,1,1,3.01277803932613,1.61801275795757,1.23487004762399,7.27239115472293,0.37399793348596,0.671753964802954,0.000267712034796157,4.7270739722689e-06,0.0171451078100365,0.157530792110324
hinfsyn,48,1,1.29098972942462,4.64345767834054,1,1,2.88851305827945,1.58767295085864,0.748675873049787,6.91391258348091,0.446263284597853,0.698494377633127,0.00191962958187277,4.43099298081236e-06,0.017062390988518,0.161599144302139
hinfsyn,49,1,1.6113232006744,4.50612201143056,1,1,3.32121592686351,1.59565071994788,1.26571762528458,5.7235879247427,0.215917555170462,0.734713682272596,0.00609950981029456,4.83518813104203e-06,0.0180012837594182,0.165007058895788
hinfsyn,50,1,1.4527531666019,4.65639884614413,1,1,2.92728258698268,1.56989920570863,0.12708374531778,6.36756778032841,0.370988249238536,0.779606760617936,0.00100918068493626,4.22186857905171e-06,0.0173682242981694,0.165483052880847
PID+comp,1,1,2.06522529336309,4.76488865229761,1,1,3.7670345387674,3.96726243613787,2.11602723858584,35.7603686675498,1.32523111727647e-14,0,0.000719317259575532,5.55028373829139e-05,0.017425850759184,0.0343900196167609
PID+comp,2,1,1.59748433521707,4.83956174871444,1,1,3.34950315814832,3.83090880964382,1.69357840622402,36.9466130423626,1.32523111727647e-14,0,0.00066808092867331,4.94998595302692e-05,0.0174063457079632,0.035982744630569
PID+comp,3,1,1.10041015203834,4.8142370512868,1,1,3.43289058746972,4.00244638111535,0.765204031063393,34.8859103366529,0,0,0.00145862486758148,5.99135108432883e-05,0.0182128623012024,0.0357059683879044
PID+comp,4,1,7.62631390379133,4.86543122565978,1,1,5.40336718007762,3.97394840083912,6.15762320060158,34.2009310365684,0,2.65046223455293e-14,0.000587122801431486,5.8087619901748e-05,0.0186589977785779,0.036556021953313
PID+comp,5,1,1.41805897554515,4.83235233164338,1,1,3.3440448980498,3.92022032001579,0.674734727352688,35.7625726366985,0,1.32523111727647e-14,0.000681716183955829,5.25583477149337e-05,0.0176856978252978,0.035972688852333
PID+comp,6,1,1.10527648485184,4.80654665462446,1,1,3.34346773421416,3.95966776954656,1.4898334011231,35.6207134008422,1.32523111727647e-14,2.65046223455293e-14,0.00204915504182854,5.74156144477746e-05,0.0179737635476015,0.0354943398074436
PID+comp,7,1,1.97391114650136,4.83436246109907,1,1,2.91964083638096,3.81024374485235,1.63627075899284,36.6427666545397,1.32523111727647e-14,1.32523111727647e-14,0.00185583867074486,5.28601651112358e-05,0.016917153864776,0.0354203748086521
PID+comp,8,1,1.28797199226242,4.87959069697682,1,1,3.05027474767246,3.7860114774798,0.225237800465927,36.116047637119,1.32523111727647e-14,1.32523111727647e-14,0.000477892363372295,5.4646473465551e-05,0.0173616436851435,0.0362680246570554
PID+comp,9,1,2.71542149086182,4.85535943224337,1,1,3.48096100211539,3.85867316962408,2.58977186996729,36.6537779646291,0,2.65046223455293e-14,0.000654072851017643,5.35044365695006e-05,0.0177095815884205,0.0365852374016739
PID+comp,10,1,3.20934066285208,4.7791474098397,1,1,3.78865928532777,3.88668831731153,2.73882184442424,36.5005094056912,2.65046223455293e-14,0,0.000499035877603529,5.2470731370913e-05,0.0172523281466014,0.0344195842297768
PID+comp,11,1,1.18997351755147,4.92749877994004,1,1,3.07435279954849,3.83546714681914,0.767306529524103,34.387598212134,0,0,0.00132856885215267,5.08231748351726e-05,0.0181119092605378,0.0372080433513998
PID+comp,12,1,1.5680770685365,4.78323979014408,1,1,3.39914616601349,3.89933434232071,1.59661133662503,36.7731624223405,1.32523111727647e-14,0,0.000879863786188985,5.20063469669763e-05,0.0170486067785783,0.0348377585192902
PID+comp,13,1,1.36314246212071,4.7898161308095,1,1,3.05396680843923,3.8156679903269,0.248141717728334,38.3589722562186,2.65046223455293e-14,1.32523111727647e-14,0.000548477704844116,5.11541082982963e-05,0.0165524363326358,0.0350553660562241
PID+comp,14,1,1.19211206526549,4.80899810704406,1,1,3.09539011373885,3.81478351822394,0.968760234895916,37.7171028953942,0,1.32523111727647e-14,0.001244316703073,5.07272981118311e-05,0.017043407622152,0.0352916798739194
PID+comp,15,1,2.06795178553791,4.91357281016698,1,1,3.28636128960777,3.84628958517479,2.03593573589715,34.6945039763949,0,0,0.00167701283983545,5.09204736802493e-05,0.0178953725281112,0.0370665246467158
PID+comp,16,1,1.15392693642709,4.88274181650871,1,1,3.17803853727882,3.85789028605456,0.921047416852439,35.3105196911392,0,0,0.00137232096640628,4.82276419883886e-05,0.0180563164987577,0.0366246379124752
PID+comp,17,1,1.23379232768342,4.8640243452608,1,1,3.32180556856944,3.89260778837886,0.166412696431206,35.2627572315647,2.65046223455293e-14,0,0.00121825163045171,5.39381200027555e-05,0.0179907162712955,0.0363742558256134
PID+comp,18,1,1.49567246228645,4.82166451781609,1,1,3.21237896398987,3.79942543777586,0.817937707036243,38.1388608807426,0,2.65046223455293e-14,0.0015497749886063,5.39097134451677e-05,0.0170884653403735,0.0357840130376829
PID+comp,19,1,6.35652856869223,4.88370201739244,1,1,5.41480086408415,3.9893330135209,5.27474736109774,33.1235482160232,0,0,0.00115778251477739,5.23800045984719e-05,0.0187215801709124,0.0366403093413358
PID+comp,20,1,4.50368215740978,4.78664781234855,1,1,5.47007974740752,3.97641762234583,3.98725611500232,36.0123930264472,0,0,0.000644363174722613,5.21954165326181e-05,0.0178323587562764,0.0352714695150498
PID+comp,21,1,4.45544173456631,4.8788927216423,1,1,5.43054421366217,4.00566074170413,3.778473223191,33.6876591602495,1.32523111727647e-14,1.32523111727647e-14,0.000800892703728726,5.12060516252365e-05,0.0187636506599023,0.0369197103643592
PID+comp,22,1,1.96543393743135,4.82738976045238,1,1,3.09605417948449,3.84726467618381,2.42566570594194,36.4773506996879,0,2.65046223455293e-14,0.00202487352482763,5.45297615519771e-05,0.0174913347027585,0.0355031877184639
PID+comp,23,1,1.5359730711214,4.85461162163479,1,1,3.14695488875442,3.83903267094883,0.889903879265708,35.8491686154662,0,1.32523111727647e-14,0.000597468282717426,5.37679618310881e-05,0.0172105229453195,0.0358977575679371
PID+comp,24,1,1.47940570080355,4.82210735777116,1,1,3.15088321741379,3.78248583079779,0.641494648942453,37.6508374232176,0,2.65046223455293e-14,0.0014729536614128,4.76104380316264e-05,0.0168516762209784,0.0353011876247844
PID+comp,25,1,2.03985080565433,4.80202691744226,1,1,3.80597326100081,3.93114203978044,2.01549734263986,35.8549070430032,2.65046223455293e-14,0,0.0018890265782382,5.41044897396393e-05,0.0178484842424245,0.0352132522337259
PID+comp,26,1,1.39144035875576,4.80260139177892,1,1,3.31597336876898,3.82699832741155,0.546705822466742,36.9030595951671,0,2.65046223455293e-14,0.0022803518011893,5.40258757228909e-05,0.0170652107585751,0.0347400427374119
PID+comp,27,1,1.30175263023134,4.78196823908508,1,1,3.25762324280784,3.89919663309786,0.181217703744418,36.8365771401701,1.32523111727647e-14,0,0.000575923599438422,5.45235536859868e-05,0.0170320876987623,0.03483410084888
PID+comp,28,1,1.2260405728278,4.86823509920384,1,1,3.29292818385662,3.89202893700923,0.0840814663161771,34.8709690877946,0,0,0.00174269492695149,5.14403506968221e-05,0.0179594593841459,0.0362755211422373
PID+comp,29,1,1.28224192948793,4.81973640301036,1,1,3.15222705496323,3.85413459651184,0.130541560229558,36.5260788033521,0,2.65046223455293e-14,0.00110004192067007,5.21372361726368e-05,0.0171282258130241,0.0353664601075002
PID+comp,30,1,1.16956341930852,4.89126598801093,1,1,3.11145840269365,3.84376284106529,0.980328028030253,35.6594168223077,0,2.65046223455293e-14,0.000566455069903403,5.12995995738923e-05,0.0179984124958506,0.0369430937638891
PID+comp,31,1,4.50259779371693,4.91112932000044,1,1,5.42397172408824,3.9219500865114,3.86607680932349,33.7332145665222,0,0,0.000529331529912804,5.41197262316537e-05,0.0186576811913958,0.0371465470719468
PID+comp,32,1,1.97245844263221,4.81889839824779,1,1,3.05008333626414,3.8345927029455,2.70639778489987,36.7094193234768,1.32523111727647e-14,1.32523111727647e-14,0.00107914256018485,4.98451821627525e-05,0.0172822686912015,0.035237806825066
PID+comp,33,1,1.09369934686593,4.8155639128444,1,1,3.56666360713539,4.01795366486828,0.230107512778011,34.5802218134839,1.32523111727647e-14,1.32523111727647e-14,0.000518943762022726,5.73100920229954e-05,0.0182756027378045,0.0357156297447457
PID+comp,34,1,2.38805909763349,4.86357395867577,1,1,2.81895402558788,3.79400582006861,2.31244722449202,36.4733316165161,0,0,0.00106748723915961,4.99322840174161e-05,0.0170439517825168,0.0360630738103408
PID+comp,35,1,1.96304505681834,4.76022945560928,1,1,3.24249756697611,3.98538263174031,2.62263669803984,36.3200586054836,0,0,0.00122690972303466,5.41617530684988e-05,0.0174790050752015,0.0347359505970608
PID+comp,36,1,3.88463636294865,4.792108440794,1,1,5.46588669701113,4.02552921207385,3.45959115605254,35.4168083954994,0,2.65046223455293e-14,0.0016606295145284,5.12038739072407e-05,0.0180717225992985,0.0355489488240842
PID+comp,37,1,1.5165702409398,4.81953351897011,1,1,3.487664066886,3.88373445928764,1.21369665783104,36.5669388595038,0,1.32523111727647e-14,0.000888431941492032,5.20179889475728e-05,0.0176684178795036,0.0356872061550738
PID+comp,38,1,1.13941164654154,4.78863098077294,1,1,3.2839708435083,3.90852509089999,0.907024286892977,36.233928500487,1.32523111727647e-14,0,0.000785570773383567,5.36209473369438e-05,0.0174097615481761,0.0347984326469435
PID+comp,39,1,1.59194352153994,4.79875482543983,1,1,3.45479920586362,3.87063019147675,1.85211787417501,36.9422728013826,0,2.65046223455293e-14,0.000618750686602332,5.54633192163424e-05,0.0172069870804478,0.0351212474945836
PID+comp,40,1,1.94351715893058,4.83062422648711,1,1,3.11803972782098,3.91376139027513,2.02193225422191,35.0621680772807,0,0,0.000473746726099088,4.99185526200049e-05,0.0176157843456993,0.035476065912673
PID+comp,41,1,1.24955117789037,4.89453412695896,1,1,3.04305313131121,3.80173129664398,0.486774681057356,36.6620030617124,0,1.32523111727647e-14,0.00197522755966242,5.16423634923096e-05,0.0177107365999633,0.0372210972083459
PID+comp,42,1,1.22194750594643,4.88250871584824,1,1,3.02716409953985,3.82416608439902,0.764568637728691,36.5075565986193,0,2.65046223455293e-14,0.00111248652312435,5.22043344935299e-05,0.0176467489185747,0.0369875515266469
PID+comp,43,1,2.07435760366063,4.76185777178045,1,1,3.87508472894064,3.99213638756585,2.11880366719861,36.1897717937157,0,0,0.00143350586328927,5.79332469843793e-05,0.0176636379780499,0.0347699770682781
PID+comp,44,1,2.71828031178803,4.92600328015056,1,1,3.39468087914314,3.83138700457687,2.52548377746471,34.7917683492232,0,0,0.00217016747367889,4.82554804965581e-05,0.0181069583196352,0.0373478886354251
PID+comp,45,1,1.13401307524759,4.8302907705584,1,1,3.29045142190048,3.94219540323865,0.86803437602363,35.3413560246845,0,1.32523111727647e-14,0.00202173679655169,5.63115994382527e-05,0.0179604440231718,0.0358808275978061
PID+comp,46,1,1.538357835689,4.8941389263168,1,1,3.38847137614257,3.91118790593319,1.10270821822736,33.8560380920306,2.65046223455293e-14,0,0.00110250251491179,5.24899883338593e-05,0.0181918830638879,0.0366441347225951
PID+comp,47,1,1.17041336997839,4.77982608522787,1,1,3.08636715467616,3.86579405269036,1.25344932666873,37.150859871204,0,2.65046223455293e-14,0.000497727223907499,5.32884729440844e-05,0.0168359898308318,0.0345901059504179
PID+comp,48,1,1.25640441371107,4.82840289841378,1,1,2.96127309873889,3.80530857605246,0.717512268933485,37.0141077269511,0,0,0.000453773778438982,5.25043146198703e-05,0.0167654809659436,0.0353928296174625
PID+comp,49,1,1.57141284434529,4.84299891318731,1,1,3.42904458783986,3.90140222413023,1.4824458182128,35.095104498159,1.32523111727647e-14,0,0.00115893801346637,5.32982225977805e-05,0.0176810112218162,0.0357419866668874
PID+comp,50,1,1.39753465917275,4.86690636424326,1,1,3.00902934830359,3.79103110927636,0.152394996656136,36.3399215747268,0,0,0.000552708545626655,5.31723045169008e-05,0.0170681471770893,0.0360575476076558
mu-synthesis,1,1,2.77114474970767,2.60287817495959,1,1,2.27681620408095,5.12691227859393,6.14854990691749,25.6491856056346,0.528477912265108,3.71782003058685e-05,0.000786743477946783,7.5118893429314e-05,0.0184162318742411,0.0293634288351129
mu-synthesis,2,1,2.73020465314209,2.63102240891251,1,1,2.08130608283748,4.89494121001991,3.38514279581952,26.6036785782638,0.562693624912404,3.36106060985967e-05,0.000366955463379966,7.17105278500326e-05,0.0183256573056269,0.0307710586254995
mu-synthesis,3,1,2.5356012593034,2.6656056229845,1,1,2.24404530543737,5.22452878036778,5.30490170163072,24.8564603126139,0.527530293826201,4.40167389551213e-05,0.00136578442180223,8.03456833781194e-05,0.0191248633392856,0.0304947697059769
mu-synthesis,4,1,3.45082817950941,2.718644682921,1,1,2.37933048428312,5.17599672444375,7.00434559426881,24.2475321929218,0.529129908599332,4.54925540168933e-05,0.000403070183822515,7.09288215020241e-05,0.0197870447622724,0.0312578941935854
mu-synthesis,5,1,2.67700052704072,2.6536221214435,1,1,2.11702466959708,5.06595717728091,3.78434653943258,25.5952916352219,0.553883136287441,4.01540239679604e-05,0.000457030390564389,7.40885262322762e-05,0.0186007421786236,0.0307431571362762
mu-synthesis,6,1,2.13267979357463,2.6397499262,1,1,2.21090937445793,5.13617886293237,4.74172881688171,25.4913395517456,0.530514254905296,3.7370835954085e-05,0.0018408699591971,8.10789325748946e-05,0.0188498532014633,0.0303163836730185
mu-synthesis,7,1,2.11666991004989,2.62761763957155,1,1,1.95675427289398,4.83694309823522,1.54627268456347,26.3726900552509,0.570168416287727,3.80611971212439e-05,0.00166648018445752,7.75154081054664e-05,0.0177174924675859,0.0303092886169897
mu-synthesis,8,1,2.57552405466557,2.66838671474587,1,1,1.98910428128872,4.79940602444332,2.16100354154134,25.8998624083825,0.570140561763245,4.82842146706277e-05,0.000436933883590083,7.34363745434638e-05,0.0182605381780254,0.0310644016881152
mu-synthesis,9,1,2.76970966348515,2.65165333028909,1,1,2.09658482935765,4.96176240438384,3.60160059462529,26.3324206684,0.564913529469895,3.90049922934638e-05,0.000749569186738904,7.08977363761729e-05,0.0186405732358667,0.0312795215387638
mu-synthesis,10,1,2.79538613442817,2.59383624379911,1,1,2.24810608930215,4.96910754323044,5.79345510448677,26.2803532564249,0.533441190781598,3.28477366469088e-05,0.000583379144826657,7.35480277997536e-05,0.0182541735327999,0.029412353572371
mu-synthesis,11,1,2.16693110511011,2.74442148243793,1,1,2.02404775440281,4.89995492142869,1.887927798753,24.403828544714,0.56146718238803,4.49748395466736e-05,0.000987070269558822,7.50693628064071e-05,0.0190403345968961,0.0318905111934153
mu-synthesis,12,1,2.73157238858117,2.59568189028166,1,1,2.12067741016214,5.00867754128149,4.03231381509654,26.4934088301028,0.55371599969935,3.84055943275792e-05,0.000635780133313947,7.29583572668521e-05,0.017963954309841,0.0297558172970091
mu-synthesis,13,1,2.6091379310026,2.5743872029827,1,1,1.9719962029929,4.86206514361123,2.33716195105955,27.8330076865861,0.57868095283679,3.78948667276036e-05,0.000372598402980456,7.30444958225278e-05,0.017355719637417,0.0299498370009351
mu-synthesis,14,1,2.15362414429283,2.59580594212565,1,1,2.03825807494303,4.85738164873419,2.28927144751263,27.2803305511452,0.560883554573472,3.8926948651081e-05,0.000923965738289696,7.69292978518125e-05,0.0178582881590562,0.030168064227253
mu-synthesis,15,1,2.7464889832216,2.72868391799221,1,1,2.03753827370347,4.92235549006984,2.81596660874466,24.6658443694333,0.569189914212749,3.42008945450519e-05,0.00160502594425683,6.94684859718602e-05,0.0188912642511645,0.0317545384575061
mu-synthesis,16,1,2.15289493652232,2.69386127213879,1,1,2.09290731691422,4.94470446236644,2.9658824864607,25.1963797047998,0.550156082855324,3.37474827800769e-05,0.00102714548197705,7.71587030545545e-05,0.0189561840140877,0.0313498793539961
mu-synthesis,17,1,2.64088559986117,2.6840516690484,1,1,2.12888577746155,5.01086146545869,3.83672173307048,25.1614830006136,0.54897894434493,4.66065172400322e-05,0.000900319667418817,7.51576129874626e-05,0.0189300853864919,0.0311166589488102
mu-synthesis,18,1,2.67539478870779,2.59978839975232,1,1,2.03386959450303,4.84155807868756,2.62812619972603,27.6214270555136,0.570573345377065,4.84175176146063e-05,0.00115513274486482,7.27592880732614e-05,0.0179408331462391,0.0305883707369208
mu-synthesis,19,1,3.41035277959578,2.76023697922969,1,1,2.3404067761488,5.197708344466,6.58819653064995,23.3359634670783,0.529795646114032,3.93693663649687e-05,0.000831384988306384,7.05227925707776e-05,0.0198749976489622,0.0313543874979834
mu-synthesis,20,1,2.83940429129733,2.6196784828996,1,1,2.31446665420619,5.1722020748532,6.52560928715729,25.8273895341153,0.532525502722288,3.20106631051972e-05,0.000319800171313801,7.3106303038661e-05,0.0188341312850761,0.0301053544137352
mu-synthesis,21,1,2.83654525142001,2.74797442360092,1,1,2.2998333053474,5.24915697240826,6.17992043757172,23.7928125260344,0.534738728387071,3.46997502078388e-05,0.000563645957594005,7.20551540891086e-05,0.0198353451724667,0.0315668732715742
mu-synthesis,22,1,2.09133080722736,2.62883724999058,1,1,2.08258827555016,4.91193153135265,2.45919376364951,26.2260384170626,0.54668959797698,3.64946343937865e-05,0.00179877113983247,8.10023591095646e-05,0.0183131996456282,0.0303636824497459
mu-synthesis,23,1,2.6844994142769,2.65861246567638,1,1,2.00635828565642,4.89579622796463,2.59585060935161,25.6825179566075,0.570902491816891,4.70156826257898e-05,0.000328428401920623,7.12223948148224e-05,0.0181361529157039,0.0307228257529222
mu-synthesis,24,1,2.67044060775176,2.60329643046475,1,1,2.01572478380713,4.79173330142336,2.58238949791585,27.2254841893211,0.569367126616063,3.29883339014985e-05,0.00109509628848997,7.20697768679365e-05,0.0177333326258835,0.0301963693454427
mu-synthesis,25,1,2.76540005087675,2.62780730723232,1,1,2.28790045970683,5.0715453017347,6.21852522568347,25.7028300416448,0.528520919919882,3.07010381215948e-05,0.00176223922643195,7.5325297651964e-05,0.0188453326689171,0.0300850400714266
mu-synthesis,26,1,2.68209151278282,2.60074075800305,1,1,2.12448154619781,4.85947931150306,4.01113090612406,26.6151909642454,0.547146072784377,3.33843090764135e-05,0.0020749243729121,7.46874177583219e-05,0.0179969055692373,0.0297100762570122
mu-synthesis,27,1,2.64448426265041,2.59385984951196,1,1,2.09560415193471,5.00909467574211,3.52149916267412,26.5478806437694,0.554169001064672,4.28546460147698e-05,0.000346305765062846,7.51516502305695e-05,0.0179052591321445,0.0297513162347789
mu-synthesis,28,1,2.6332012507504,2.69378963962292,1,1,2.12185996639863,5.00223472733263,3.7197827289474,24.8360395661129,0.548123639296334,4.26743401048315e-05,0.0013200300749646,7.4978658967108e-05,0.0189136923098326,0.0310434865618549
mu-synthesis,29,1,2.61072282430571,2.62280255884222,1,1,2.04468606043003,4.92395209393433,2.64636417636914,26.2697161924045,0.561315523081497,4.3006633776588e-05,0.000806921305055036,7.44094488622783e-05,0.0180064247586296,0.0302404266056815
mu-synthesis,30,1,2.15122753216598,2.69375825045061,1,1,2.04750226283529,4.92688768066211,2.20368329246772,25.4800358469816,0.559725693796715,4.00187273727935e-05,0.000331424715115886,7.66931992083564e-05,0.0188653524620655,0.0316218176254091
mu-synthesis,31,1,2.83970593867338,2.75879571255956,1,1,2.24015745539345,5.07242413055301,5.42474695527735,23.8407003298557,0.541254822881801,4.02031097334056e-05,0.000626155033189251,7.07582057501387e-05,0.0197590917787566,0.0318079228197152
mu-synthesis,32,1,2.07893005956311,2.61735067852491,1,1,2.06052691512019,4.88368554782193,2.00525867064505,26.4305352991849,0.548937699607713,3.64838639224409e-05,0.000793606598338204,8.11469640241889e-05,0.0180877083597586,0.0301361552080242
mu-synthesis,33,1,2.64946477722447,2.67495149209695,1,1,2.275329421913,5.25481734316009,5.8841691300177,24.5948136382571,0.526051655070342,4.20886239575247e-05,0.000605024429842318,7.8426070578098e-05,0.0192340722584711,0.0305032498805081
mu-synthesis,34,1,2.07894640828485,2.65166097945678,1,1,1.90452815854103,4.81572709627646,1.10289668935017,26.2066390929841,0.579286238019237,3.67852299334841e-05,0.00101879644205491,7.86014846184505e-05,0.0177986309445966,0.0308743445371492
mu-synthesis,35,1,2.09238754129778,2.59433452561364,1,1,2.17212822133005,5.18247258686759,4.0042704990173,26.1072779855402,0.534398051706746,4.14115769765794e-05,0.000920478382700986,8.25875344542069e-05,0.0182832599827985,0.0296337536602208
mu-synthesis,36,1,2.82069491224932,2.64164176068334,1,1,2.3236879767329,5.27876205937581,6.62534864399735,25.306167791563,0.531048098069049,3.30696636134642e-05,0.0012444185245629,7.38080397434089e-05,0.0190672571089205,0.0303317467556259
mu-synthesis,37,1,2.71387071796932,2.62627158763462,1,1,2.17451401831604,4.9929143417074,4.67496983521811,26.2890168779016,0.545680673580008,3.74978562158782e-05,0.000642998688966009,7.44930923071247e-05,0.018600599598596,0.030497465713866
mu-synthesis,38,1,2.53155223713916,2.60809680601151,1,1,2.16693860454895,5.01982345961664,4.29129396623427,26.0390694809348,0.536098327842454,4.08911683777598e-05,0.000562610779778648,7.92529771046185e-05,0.0182942787728256,0.029731464333149
mu-synthesis,39,1,2.74467568082044,2.60267126335349,1,1,2.13636762127551,4.95770251137265,4.24354641332747,26.6288204942315,0.552125245470649,4.47943959319698e-05,0.000321408250192011,7.30324555901078e-05,0.0181369910208404,0.0300103597452794
mu-synthesis,40,1,2.10632534665013,2.66136833008909,1,1,2.09405107809112,5.03093757154344,2.74375979202237,25.026949604915,0.543867954780563,3.3056432492737e-05,0.000405700723001169,7.99214010791741e-05,0.0184810563160432,0.0303411479224766
mu-synthesis,41,1,2.1837942920325,2.67634399519197,1,1,1.97739579811269,4.85864149063468,1.95290604045895,26.3184577707294,0.577514628133131,4.80640009893653e-05,0.00149964004584749,7.39958697718784e-05,0.018548179485827,0.0318574489734909
mu-synthesis,42,1,2.1689087002841,2.67147937219807,1,1,1.97877990212549,4.89776661681523,1.85784262930804,26.1954653306397,0.575792311534546,4.62695891025355e-05,0.000812049548641836,7.48605809317641e-05,0.0184708663445757,0.0316480851913336
mu-synthesis,43,1,2.76711321026624,2.59834693933383,1,1,2.30496894090271,5.19557529025209,6.48693981303119,25.9964966156639,0.528093864834679,3.77900519058884e-05,0.00137723490380326,7.60576341801167e-05,0.0186222540210743,0.0296635155303392
mu-synthesis,44,1,2.77152241601509,2.73555369867769,1,1,2.0674750310273,4.89980718451453,3.11015019727916,24.7354681527092,0.565770172880847,3.8828990124588e-05,0.00164373410141294,6.92092320305852e-05,0.0191233721394785,0.0320008680121123
mu-synthesis,45,1,2.15261988291065,2.66176192609647,1,1,2.16023602372872,5.10464995114673,4.070716585251,25.2425922875676,0.539992759629425,3.74492728322972e-05,0.00182827255286547,7.89133949826143e-05,0.018849042209078,0.030664821523612
mu-synthesis,46,1,2.70891586143754,2.73837703795918,1,1,2.13378121592093,5.03795900265607,3.98266005717764,23.9689439964655,0.548445932268013,3.66306576926888e-05,0.00111619198439099,7.28480947896137e-05,0.0192113533066905,0.0313795518666752
mu-synthesis,47,1,2.13682713931007,2.58436051505979,1,1,2.05006939328311,4.93889117456895,2.42233319250054,26.8247539112835,0.555322147670154,4.06885415868608e-05,0.000393498859742979,7.81707181523396e-05,0.0176502871428683,0.0295528172406514
mu-synthesis,48,1,2.17560289461957,2.61783522921901,1,1,1.94822773034132,4.83123138728958,1.99404571275936,26.6854584326222,0.577018091351298,4.22858969207284e-05,0.000546149227815363,7.41210019450209e-05,0.017592797266729,0.0302784121383065
mu-synthesis,49,1,2.73137376990364,2.66952827964562,1,1,2.14191419140674,5.0118965120183,4.22079291876947,25.0450226427659,0.548173624739225,4.46137110191842e-05,0.000849453041851307,7.29022566774865e-05,0.0186685737865522,0.0305746397627912
mu-synthesis,50,1,2.60970242117708,2.6556185344892,1,1,1.95065912321993,4.80790620371949,2.27282208378525,26.0946788197736,0.579234775538281,4.72843975925656e-05,0.000353772343136094,7.17324375906781e-05,0.0179546262015361,0.0308746479788537
